Time,Wind_Speed,Air_Pressure,Snow_Depth,Precip,Avg_Temp,Max_Temp,Min_Temp,Year,Month,Day
2019-08-01,4.8,23.376218487394958,0,0.06666666666666667,60.6,79.3,49.1,2019,8,1
2019-08-02,3.5,23.42621848739496,0,0.2,62.6,81.7,47.1,2019,8,2
2019-08-03,2.8,23.42621848739496,0,0.06666666666666667,61.3,77,45.7,2019,8,3
2019-08-04,3.3,23.35621848739496,0,0.04285714285714286,65.1,81.1,48.6,2019,8,4
2019-08-05,4.1,23.376218487394958,0,0.2,61.5,77.9,48.2,2019,8,5
2019-08-06,3.1,23.35621848739496,0,0.04285714285714286,62.6,76.8,47.8,2019,8,6
2019-08-07,3,23.316218487394956,0,0.04285714285714286,62.6,77.7,48.6,2019,8,7
2019-08-08,3.3,23.286218487394958,0,0.04285714285714286,63.5,77.7,51.1,2019,8,8
2019-08-09,2.7,23.26621848739496,0,0.04285714285714286,57.7,72,48.2,2019,8,9
2019-08-10,3.8,23.296218487394956,0,0.1,58.3,72.7,45.5,2019,8,10
2019-08-11,5.8,23.26621848739496,0,0.028571428571428574,52.9,65.7,46.8,2019,8,11
2019-08-12,1.9,23.376218487394958,0,0.028571428571428574,51.6,62.1,41.4,2019,8,12
2019-08-13,2.5,23.436218487394957,0,0.1,54.1,69.8,40.8,2019,8,13
2019-08-14,3,23.42621848739496,0,0.028571428571428574,56.8,71.8,43.2,2019,8,14
2019-08-15,2.6,23.386218487394956,0,0.1,56.8,69.6,46.6,2019,8,15
2019-08-16,2.6,23.296218487394956,0,0.028571428571428574,55.4,67.1,41.7,2019,8,16
2019-08-17,1.3,23.17621848739496,0,0.028571428571428574,51.4,62.6,41.5,2019,8,17
2019-08-18,2.8,23.196218487394958,0,0,55.9,72.5,40.5,2019,8,18
2019-08-19,3.1,23.216218487394958,0,0,62.4,79.2,45,2019,8,19
2019-08-20,4.4,23.33621848739496,0,0,61.2,76.1,48.9,2019,8,20
2019-08-21,6.8,23.33621848739496,0,0,62.6,78.3,49.1,2019,8,21
2019-08-22,5.1,23.166218487394957,0,0,54.5,67.6,41.9,2019,8,22
2019-08-23,2.2,23.306218487394958,0,0,53.2,67.3,41,2019,8,23
2019-08-24,2.6,23.226218487394956,0,0,59.4,71.6,47.8,2019,8,24
2019-08-25,2.8,23.196218487394958,0,0.014285714285714287,53.4,66.9,41.9,2019,8,25
2019-08-26,2,23.376218487394958,0,0.014285714285714287,50.4,61.5,40.3,2019,8,26
2019-08-27,2.9,23.436218487394957,0,0.1,50.4,66.2,36.1,2019,8,27
2019-08-28,3.1,23.33621848739496,0,0.014285714285714287,58.8,75.9,43,2019,8,28
2019-08-29,4.9,23.346218487394957,0,0.014285714285714287,55,70.3,41.7,2019,8,29
2019-08-30,3.5,23.33621848739496,0,0.014285714285714287,55.9,71.2,44.6,2019,8,30
2019-08-31,2.8,23.376218487394958,0,0.014285714285714287,58.6,75.9,44.6,2019,8,31
2019-09-01,3,23.326218487394957,0,0.2,61,78.1,47.1,2019,9,1
2019-09-02,4.3,23.286218487394958,0,0.2,61.5,77.4,46.9,2019,9,2
2019-09-03,3.8,23.40621848739496,0,0.2,59,77.9,43.3,2019,9,3
2019-09-04,3.7,23.306218487394958,0,0.2,65.7,81.1,49.6,2019,9,4
2019-09-05,3.2,23.40621848739496,0,0.2,62.2,81.5,46.8,2019,9,5
2019-09-06,5.2,23.40621848739496,0,1.1,55.2,68.4,49.1,2019,9,6
2019-09-07,1.3,23.40621848739496,0,0.3,50.7,56.8,47.5,2019,9,7
2019-09-08,8,23.236218487394957,0,0.7,47.5,51.8,45.1,2019,9,8
2019-09-09,3.3,23.136218487394956,0,1.7,46,54.3,39.4,2019,9,9
2019-09-10,2.5,23.236218487394957,0,0.5,43.3,48,36.9,2019,9,10
2019-09-11,1.8,23.316218487394956,0,0.3,43,46.6,37.6,2019,9,11
2019-09-12,2.4,23.49621848739496,0,0.2,48.4,56.7,40.3,2019,9,12
2019-09-13,3.6,23.416218487394957,0,0.1,55.4,65.5,45.1,2019,9,13
2019-09-14,3.3,23.316218487394956,0,0.5,59.2,69.4,46.4,2019,9,14
2019-09-15,4.8,23.196218487394958,0,0.18571428571428572,64.6,77.4,52.9,2019,9,15
2019-09-16,5.9,23.076218487394957,0,0.18571428571428572,58.3,75,45.5,2019,9,16
2019-09-17,5.8,23.096218487394957,0,0.18571428571428572,47.1,51.3,38.7,2019,9,17
2019-09-18,4.2,23.206218487394956,0,0.18571428571428572,49.6,64.6,35.8,2019,9,18
2019-09-19,3.4,23.17621848739496,0,0.18571428571428572,47.5,61.3,37,2019,9,19
2019-09-20,2.5,23.186218487394957,0,0.9,39.4,42.8,37.2,2019,9,20
2019-09-21,2.5,23.286218487394958,0,0.4,42.1,50.4,38.5,2019,9,21
2019-09-22,1.9,23.276218487394956,0,0.1,48.9,59.2,42.3,2019,9,22
2019-09-23,3.2,23.256218487394957,0,0.09999999999999999,53.8,62.1,44.8,2019,9,23
2019-09-24,1.9,23.296218487394956,0,0.09999999999999999,52.3,58.1,48,2019,9,24
2019-09-25,2,23.316218487394956,0,0.09999999999999999,48.4,54,40.3,2019,9,25
2019-09-26,3.4,23.166218487394957,0,0.09999999999999999,50,58.6,40.3,2019,9,26
2019-09-27,2.2,23.116218487394956,0,0.09999999999999999,41,50.4,34.2,2019,9,27
2019-09-28,10.1,23.066218487394956,0,0.6,31.6,34.2,25.3,2019,9,28
2019-09-29,3.5,23.056218487394958,2,0.2,27,33.3,23.7,2019,9,29
2019-09-30,1.1,23.236218487394957,2,0.2,27.87142857142857,35.1,23.2,2019,9,30
2019-10-01,1.7,23.296218487394956,1,0.1142857142857143,30.2,36.3,28,2019,10,1
2019-10-02,3.7,23.316218487394956,1,0.1142857142857143,31.5,39.4,24.4,2019,10,2
2019-10-03,3.5,23.316218487394956,0.8571428571428571,0.1,36.3,51.4,25.7,2019,10,3
2019-10-04,4.1,23.186218487394957,0.8571428571428571,0.1,36.7,43.5,31.5,2019,10,4
2019-10-05,4.7,23.386218487394956,0.8571428571428571,0.2,33.4,36.3,32.2,2019,10,5
2019-10-06,2.7,23.506218487394957,1,0.17142857142857143,40.1,46.2,32.4,2019,10,6
2019-10-07,3.2,23.366218487394956,1,0.17142857142857143,50.2,57.6,40.6,2019,10,7
2019-10-08,6.6,23.036218487394958,1.7142857142857142,0.17142857142857143,45,58.5,22.1,2019,10,8
2019-10-09,4.7,23.17621848739496,1.7142857142857142,0.3,16.5,22.3,8.6,2019,10,9
2019-10-10,2.4,23.51621848739496,6,0.5,18.5,27.7,11.5,2019,10,10
2019-10-11,2.1,23.526218487394956,2,0.4,29.8,38.1,13.8,2019,10,11
2019-10-12,2.1,23.346218487394957,2,0.17142857142857143,40.8,48.6,29.1,2019,10,12
2019-10-13,2.9,23.196218487394958,1,0.1142857142857143,45,55.9,30.9,2019,10,13
2019-10-14,2.9,23.15621848739496,1,0.1142857142857143,38.3,46.4,26.8,2019,10,14
2019-10-15,2.8,23.396218487394957,0.2857142857142857,0.1142857142857143,42.6,53.4,25.2,2019,10,15
2019-10-16,2.5,23.276218487394956,0.2857142857142857,0.1142857142857143,54,62.6,48.4,2019,10,16
2019-10-17,3.9,22.976218487394956,0.2857142857142857,0.4,46.9,58.5,33.8,2019,10,17
2019-10-18,5.6,23.026218487394956,0.2857142857142857,0.1142857142857143,33.8,37.2,30,2019,10,18
2019-10-19,4,23.036218487394958,0.2857142857142857,0.4,33.3,40.3,30,2019,10,19
2019-10-20,2.4,23.08621848739496,2,0.17142857142857143,30.4,39.4,21.2,2019,10,20
2019-10-21,1.7,23.256218487394957,3,0.5,32.2,35.2,26.8,2019,10,21
2019-10-22,2.9,23.306218487394958,6,0.3,38.3,46,31.5,2019,10,22
2019-10-23,2.3,23.396218487394957,4,0.17142857142857143,28.6,36.9,18.9,2019,10,23
2019-10-24,1.5,23.556218487394958,2,0.1,34.9,43.9,22.1,2019,10,24
2019-10-25,3.1,23.40621848739496,2,0.17142857142857143,48.7,56.1,41.4,2019,10,25
2019-10-26,4.6,23.186218487394957,2,0.3,23.9,46.8,10.8,2019,10,26
2019-10-27,2.8,23.456218487394956,6,0.1,12,20.3,1,2019,10,27
2019-10-28,2.8,23.286218487394958,5,0.5,11.3,21.6,9.785714285714285,2019,10,28
2019-10-29,3.4,23.466218487394958,10,0.1,19.742857142857144,15.3,-9,2019,10,29
2019-10-30,2,23.51621848739496,7,0.2,19.9,31.1,1.2,2019,10,30
2019-10-31,2.2,23.436218487394957,8,0.1,29.3,33.6,23.2,2019,10,31
2020-08-01,7.9,23.40621848739496,0,0,65.3,80.6,49.3,2020,8,1
2020-08-02,6.1,23.366218487394956,0,0.014285714285714287,61.5,80.8,55.2,2020,8,2
2020-08-03,4.9,23.286218487394958,0,0.014285714285714287,63,82.2,51.4,2020,8,3
2020-08-04,3.6,23.376218487394958,0,0.014285714285714287,60.3,76.3,45.7,2020,8,4
2020-08-05,5.8,23.296218487394956,0,0.014285714285714287,61.5,77.7,47.1,2020,8,5
2020-08-06,4.7,23.166218487394957,0,0.014285714285714287,59.5,79.3,47.8,2020,8,6
2020-08-07,2.7,23.206218487394956,0,0.014285714285714287,57.2,68.7,43.3,2020,8,7
2020-08-08,2.4,23.33621848739496,0,0.1,56.7,71.2,40.6,2020,8,8
2020-08-09,2.3,23.33621848739496,0,0.014285714285714287,55.4,69.1,43.5,2020,8,9
2020-08-10,2.5,23.366218487394956,0,0.1,60.8,75.4,47.8,2020,8,10
2020-08-11,3.7,23.256218487394957,0,0.014285714285714287,61.3,77,45.5,2020,8,11
2020-08-12,1.2142857142857142,8.986218487394957,0,0.014285714285714287,25.357142857142858,31.642857142857142,19.54285714285714,2020,8,12
2020-08-13,1.2142857142857142,8.986218487394957,0,0.014285714285714287,25.357142857142858,31.642857142857142,19.54285714285714,2020,8,13
2020-08-14,1.2142857142857142,8.986218487394957,0,0.014285714285714287,25.357142857142858,31.642857142857142,19.54285714285714,2020,8,14
2020-08-15,1.2142857142857142,8.986218487394957,0,0.014285714285714287,25.357142857142858,31.642857142857142,19.54285714285714,2020,8,15
2020-08-16,0,-1.7637815126050427,0,0,0,0,0,2020,8,16
2020-08-17,0,-1.7637815126050427,0,0,0,0,0,2020,8,17
2020-08-18,0,-1.7637815126050427,0,0,0,0,0,2020,8,18
2020-08-19,0,-1.7637815126050427,0,0,0,0,0,2020,8,19
2020-08-20,0,-1.7637815126050427,0,0,0,0,0,2020,8,20
2020-08-21,0,-1.7637815126050427,0,0,0,0,0,2020,8,21
2020-08-22,0,-1.7637815126050427,0,0,0,0,0,2020,8,22
2020-08-23,2.3,16.1090756302521,0,0.014285714285714287,42.08571428571429,52.68571428571429,33.47142857142857,2020,8,23
2020-08-24,2.3,16.1090756302521,0,0.014285714285714287,42.08571428571429,52.68571428571429,33.47142857142857,2020,8,24
2020-08-25,1.2,23.186218487394957,0,0.014285714285714287,63,77.7,51.8,2020,8,25
2020-08-26,2.5,23.296218487394956,0,0.1,60.6,74.5,49.3,2020,8,26
2020-08-27,3.9,23.24621848739496,0,0.014285714285714287,56.1,68.9,46,2020,8,27
2020-08-28,5.1,23.33621848739496,0,0.014285714285714287,55.4,73,42.1,2020,8,28
2020-08-29,3.4,23.226218487394956,0,0.014285714285714287,59.5,74.7,45.1,2020,8,29
2020-08-30,2.4,23.146218487394957,0,0,48.4,60.3,36.1,2020,8,30
2020-08-31,3.2,23.216218487394958,0,0,44.6,52,36.1,2020,8,31
2020-09-01,2.4,23.286218487394958,0,0,55.6,66.6,43,2020,9,1
2020-09-02,3.3,23.276218487394956,0,0,61.5,74.1,43.3,2020,9,2
2020-09-03,2.9,23.386218487394956,0,0,59.5,72.7,41.9,2020,9,3
2020-09-04,2.9,23.466218487394958,0,0,61.7,81.1,44.8,2020,9,4
2020-09-05,3.8,23.396218487394957,0,0,69.8,85.6,51.8,2020,9,5
2020-09-06,2.6,23.436218487394957,0.14285714285714285,0.09999999999999999,60.4,73.4,45.9,2020,9,6
2020-09-07,6.6,23.346218487394957,0.14285714285714285,0.6,36.5,47.3,27.9,2020,9,7
2020-09-08,4.9,23.60621848739496,1,0.09999999999999999,32.7,43.9,25.7,2020,9,8
2020-09-09,2.8,23.536218487394958,0.14285714285714285,0.1,42.1,60.3,25.9,2020,9,9
2020-09-10,2.8,23.49621848739496,0.14285714285714285,0.09999999999999999,48.4,67.1,34.9,2020,9,10
2020-09-11,3.9,23.35621848739496,0.14285714285714285,0.09999999999999999,53.1,69.3,38.7,2020,9,11
2020-09-12,3.2,23.326218487394957,0.14285714285714285,0.09999999999999999,56.8,73.6,44.8,2020,9,12
2020-09-13,3,23.346218487394957,0,0,56.3,74.1,44.1,2020,9,13
2020-09-14,4.1,23.366218487394956,0,0,61.2,80.1,46.4,2020,9,14
2020-09-15,3.4,23.416218487394957,0,0,57.4,72.5,44.4,2020,9,15
2020-09-16,4,23.486218487394957,0,0,52.3,71.8,39.4,2020,9,16
2020-09-17,2.9,23.436218487394957,0,0,55.9,73.8,44.4,2020,9,17
2020-09-18,5.2,23.35621848739496,0,0,61.3,76.6,42.4,2020,9,18
2020-09-19,3.2,23.216218487394958,0,0,49.5,58.8,43.7,2020,9,19
2020-09-20,1.8,23.306218487394958,0,0.014285714285714287,48,55.9,39,2020,9,20
2020-09-21,2.7,23.35621848739496,0,0.014285714285714287,54,68.9,45.3,2020,9,21
2020-09-22,3.5,23.276218487394956,0,0.1,55.8,71.6,43.7,2020,9,22
2020-09-23,2.9,23.33621848739496,0,0.014285714285714287,57.6,68.9,41.5,2020,9,23
2020-09-24,3.2,23.17621848739496,0,0.014285714285714287,57.4,68.7,45.9,2020,9,24
2020-09-25,2.6,23.216218487394958,0,0.014285714285714287,48.7,53.6,43.7,2020,9,25
2020-09-26,4.4,23.15621848739496,0,0.014285714285714287,43.3,50.5,37.6,2020,9,26
2020-09-27,2.2,23.436218487394957,0,0.4,38.5,46.2,31.5,2020,9,27
2020-09-28,2.5,23.616218487394956,0,0.3,47.3,56.7,30.2,2020,9,28
2020-09-29,2.8,23.51621848739496,0,0.1,57.4,64.8,43.7,2020,9,29
2020-09-30,3,23.536218487394958,0,0.1,45.9,62.2,35.1,2020,9,30
2020-10-01,3.5,23.58621848739496,0,0.1,50.7,65.1,34.7,2020,10,1
2020-10-02,3,23.466218487394958,0,0.1,51.6,65.3,39,2020,10,2
2020-10-03,3.3,23.456218487394956,0,0.1,48.6,65.3,37,2020,10,3
2020-10-04,3.5,23.33621848739496,0,0.14285714285714285,57.9,68.2,41.4,2020,10,4
2020-10-05,2.6,23.366218487394956,0,0.14285714285714285,55.8,60.4,46,2020,10,5
2020-10-06,2.8,23.396218487394957,0,0.14285714285714285,58.3,68.4,46.4,2020,10,6
2020-10-07,3.1,23.33621848739496,0,0.14285714285714285,52,70.2,40.8,2020,10,7
2020-10-08,4.8,23.186218487394957,0,0.14285714285714285,55.8,66.6,41,2020,10,8
2020-10-09,3,23.196218487394958,0,0.14285714285714285,53.1,63.1,40.1,2020,10,9
2020-10-10,6.8,23.066218487394956,0,1,53.8,68.4,34.5,2020,10,10
2020-10-11,4.3,23.056218487394958,0.8571428571428571,0.2571428571428572,36.7,41.2,32.5,2020,10,11
2020-10-12,5.3,23.15621848739496,0.8571428571428571,0.2571428571428572,43.2,49.3,37.4,2020,10,12
2020-10-13,3.8,23.256218487394957,0.8571428571428571,0.8,43.7,51.1,37,2020,10,13
2020-10-14,4.6,23.226218487394956,1,0.1,35.6,40.5,30.7,2020,10,14
2020-10-15,2.5,23.506218487394957,1,0.3,31.6,36.9,29.3,2020,10,15
2020-10-16,4.5,23.376218487394958,2,0.1,43.3,50.7,31.5,2020,10,16
2020-10-17,1.9,23.166218487394957,2,0.5,27.7,44.1,19.4,2020,10,17
2020-10-18,2.3,23.286218487394958,3,0.8,29.5,39,18.1,2020,10,18
2020-10-19,1.5,23.186218487394957,4,0.4,41.2,46,36.1,2020,10,19
2020-10-20,2.5,23.206218487394956,2,0.32857142857142857,36.9,42.1,31.8,2020,10,20
2020-10-21,1.8,23.146218487394957,1,0.4,30,35.6,19.4,2020,10,21
2020-10-22,3.1,23.376218487394958,5,0.32857142857142857,15.8,21.9,5,2020,10,22
2020-10-23,3.7,23.436218487394957,4,0.5,18.3,30.6,6.1,2020,10,23
2020-10-24,6.1,23.196218487394958,5,0.2,10.6,18.3,0.7,2020,10,24
2020-10-25,3.3,23.51621848739496,10,0.08571428571428572,1.9,15.6,-5.6,2020,10,25
2020-10-26,2.6,23.51621848739496,10,0.6,18.3,27.9,-3.3,2020,10,26
2020-10-27,0.8428571428571429,5.459075630252101,2.857142857142857,0.08571428571428572,2.8857142857142857,6.214285714285714,-1.2714285714285714,2020,10,27
2020-10-28,0.8428571428571429,5.459075630252101,2.857142857142857,0.08571428571428572,2.8857142857142857,6.214285714285714,-1.2714285714285714,2020,10,28
2020-10-29,0.8428571428571429,5.459075630252101,2.857142857142857,0.08571428571428572,2.8857142857142857,6.214285714285714,-1.2714285714285714,2020,10,29
2020-10-30,0.8428571428571429,5.459075630252101,2.857142857142857,0.08571428571428572,2.8857142857142857,6.214285714285714,-1.2714285714285714,2020,10,30
2020-10-31,0.8428571428571429,5.459075630252101,2.857142857142857,0.08571428571428572,2.8857142857142857,6.214285714285714,-1.2714285714285714,2020,10,31
2021-08-01,2.4,23.486218487394957,0,0.07142857142857144,66,79.7,52,2021,8,1
2021-08-02,1.6,23.446218487394958,0,0.2,60.4,76.5,54.3,2021,8,2
2021-08-03,0.8,23.486218487394957,0,0.07142857142857144,60.6,71.4,50.2,2021,8,3
2021-08-04,1.4,23.42621848739496,0,0.07142857142857144,63.3,78.1,49.8,2021,8,4
2021-08-05,1.9,23.33621848739496,0,0.1,62.2,81.3,50.2,2021,8,5
2021-08-06,1.4,23.26621848739496,0,0.2,59.5,72,49.5,2021,8,6
2021-08-07,1.1,23.276218487394956,0,0.07142857142857144,63,74.1,50,2021,8,7
2021-08-08,2.4,23.126218487394958,0,0.4,59.7,79,39,2021,8,8
2021-08-09,1.1,23.306218487394958,0,0.05714285714285715,51.4,60.8,37.4,2021,8,9
2021-08-10,1.1,23.326218487394957,0,0.05714285714285715,61.3,70,51.1,2021,8,10
2021-08-11,1.2,23.326218487394957,0,0.05714285714285715,64.6,77.9,53.4,2021,8,11
2021-08-12,1.9,23.396218487394957,0,0.05714285714285715,60.3,76.5,47.7,2021,8,12
2021-08-13,2.5,23.486218487394957,0,0.05714285714285715,59.9,79.2,43.5,2021,8,13
2021-08-14,1.5,23.446218487394958,0,0.05714285714285715,64.9,81.3,48.2,2021,8,14
2021-08-15,1.1,23.416218487394957,0,0.2571428571428571,66.2,77.2,54.7,2021,8,15
2021-08-16,1.5,23.256218487394957,0,0.2571428571428571,66,80.6,52.3,2021,8,16
2021-08-17,2.7,23.066218487394956,0,0.2571428571428571,60.6,80.8,43.2,2021,8,17
2021-08-18,1.3,23.24621848739496,0,0.6,44.8,48,42.4,2021,8,18
2021-08-19,0.3,23.306218487394958,0,1,46.2,49.6,43.5,2021,8,19
2021-08-20,0.8,23.276218487394956,0,0.2,46.4,54,41.7,2021,8,20
2021-08-21,3.6,23.186218487394957,0,0.2571428571428571,47.1,53.8,40.6,2021,8,21
2021-08-22,1,23.126218487394958,0,0.014285714285714287,53.2,62.2,45.7,2021,8,22
2021-08-23,2.1,23.10621848739496,0,0.014285714285714287,58.5,72.5,39.7,2021,8,23
2021-08-24,1.3,23.286218487394958,0,0.014285714285714287,50.7,67.6,34.5,2021,8,24
2021-08-25,2.6,23.346218487394957,0,0.014285714285714287,51.8,68.5,38.7,2021,8,25
2021-08-26,1.6,23.316218487394956,0,0.014285714285714287,53.1,67.5,41.9,2021,8,26
2021-08-27,1,23.256218487394957,0,0.1,50,61,40.3,2021,8,27
2021-08-28,0.8,23.366218487394956,0,0.014285714285714287,47.1,60.4,38.1,2021,8,28
2021-08-29,1.5,23.35621848739496,0,0,54.1,71.8,38.5,2021,8,29
2021-08-30,1.6,23.196218487394958,0,0,59.9,77.2,43.3,2021,8,30
2021-08-31,1.3,23.056218487394958,0,0,58.1,73.4,42.4,2021,8,31
2021-09-01,1.1,23.146218487394957,0,0,50,66.2,37.8,2021,9,1
2021-09-02,1.5,23.256218487394957,0,0,50.5,65.1,39.9,2021,9,2
2021-09-03,2.5,23.346218487394957,0,0,50.4,64.2,40.3,2021,9,3
2021-09-04,1.5,23.366218487394956,0,0,51.4,68.4,38.1,2021,9,4
2021-09-05,1.5,23.35621848739496,0,0.04285714285714286,60.1,74.3,43.3,2021,9,5
2021-09-06,1.4,23.316218487394956,0,0.04285714285714286,63,74.8,46.6,2021,9,6
2021-09-07,1.2,23.436218487394957,0,0.04285714285714286,58.3,76.8,45.3,2021,9,7
2021-09-08,2.3,23.40621848739496,0,0.04285714285714286,60.3,81,42.8,2021,9,8
2021-09-09,1.3,23.316218487394956,0,0.04285714285714286,64.6,79.5,51.3,2021,9,9
2021-09-10,1.3,23.296218487394956,0,0.2,62.6,78.1,48.7,2021,9,10
2021-09-11,1.4,23.316218487394956,0,0.1,53.2,64.2,40.3,2021,9,11
2021-09-12,1.1,23.376218487394958,0,0,54.5,70.7,39.6,2021,9,12
2021-09-13,1.2,23.306218487394958,0,0,50,62.8,40.1,2021,9,13
2021-09-14,1.3,23.326218487394957,0,0,52,63.5,37,2021,9,14
2021-09-15,1.5,23.186218487394957,0,0,58.6,68.4,46.8,2021,9,15
2021-09-16,1.2,23.15621848739496,0,0,43.9,55,29.3,2021,9,16
2021-09-17,1.8,23.316218487394956,0,0,52.9,70.2,27.9,2021,9,17
2021-09-18,3.4,23.136218487394956,0,0,64.2,71.4,50.4,2021,9,18
2021-09-19,2.5,23.10621848739496,0,0.1,44.1,51.6,38.5,2021,9,19
2021-09-20,1.1,23.396218487394957,0,0.1,39,47.5,31.1,2021,9,20
2021-09-21,1.2,23.60621848739496,0,0.028571428571428574,49.6,59,30.6,2021,9,21
2021-09-22,1.4,23.456218487394956,0,0.028571428571428574,55,69.3,41.7,2021,9,22
2021-09-23,1.1,23.396218487394957,0,0.028571428571428574,47.8,58.6,38.1,2021,9,23
2021-09-24,1.3,23.476218487394956,0,0.028571428571428574,49.6,63.7,36.9,2021,9,24
2021-09-25,1.4,23.306218487394958,0,0.028571428571428574,59.4,71.4,47.7,2021,9,25
2021-09-26,1.5,23.206218487394956,0,0,59,72.7,44.1,2021,9,26
2021-09-27,1.8,23.166218487394957,0,0,62.8,75.7,50.9,2021,9,27
2021-09-28,1.7,23.026218487394956,0,0,52.2,66.9,36.1,2021,9,28
2021-09-29,0.9,23.35621848739496,0,0,39,53.4,31.3,2021,9,29
2021-09-30,1.4,23.486218487394957,0,0,44.1,61,31.1,2021,9,30
2021-10-01,1.4,23.42621848739496,0,0,49.5,63,37.6,2021,10,1
2021-10-02,1.4,23.456218487394956,0,0,49.5,62.4,35.8,2021,10,2
2021-10-03,1.4,23.376218487394958,0,0.11428571428571428,55.8,66.2,44.1,2021,10,3
2021-10-04,1.7,23.346218487394957,0,0.11428571428571428,56.7,71.6,41.4,2021,10,4
2021-10-05,2.4,23.276218487394956,0,0.11428571428571428,58.6,72,48.6,2021,10,5
2021-10-06,1.3,23.196218487394958,0,0.1,54.1,63.5,42.3,2021,10,6
2021-10-07,1.1,23.286218487394958,0,0.4,41.5,47.5,36.3,2021,10,7
2021-10-08,1.4,23.236218487394957,0,0.3,41.7,48.4,36.9,2021,10,8
2021-10-09,1.1,23.196218487394958,0,0.11428571428571428,41.7,46.4,39.4,2021,10,9
2021-10-10,1.4,23.226218487394956,6.571428571428571,0.4,42.8,52.3,32.4,2021,10,10
2021-10-11,1.2,23.166218487394957,1,1.4,27,32.4,23.7,2021,10,11
2021-10-12,1.4,23.276218487394956,10,0.2,25.2,29.1,23.7,2021,10,12
2021-10-13,1,23.166218487394957,9,0.2,28.2,35.1,24.3,2021,10,13
2021-10-14,0.5,23.216218487394958,8,0.3,28.8,30.2,27.3,2021,10,14
2021-10-15,1.5,23.416218487394957,10,0.1,36.9,42.3,28.9,2021,10,15
2021-10-16,1.1,23.456218487394956,8,0.37142857142857144,45.9,55.6,35.8,2021,10,16
2021-10-17,1.9,23.276218487394956,7,0,46,61.5,32.4,2021,10,17
2021-10-18,1.4,23.08621848739496,5,0,43.7,58.5,33.3,2021,10,18
2021-10-19,3.4,23.276218487394956,4,0,35.2,45,29.3,2021,10,19
2021-10-20,2.7,23.346218487394957,3,0,40.8,52.2,27.3,2021,10,20
2021-10-21,1.2,23.366218487394956,2,0,47.5,53.6,40.1,2021,10,21
2021-10-22,1.7,23.236218487394957,1,0,50.2,64,37,2021,10,22
2021-10-23,1.7,22.99621848739496,1,0,40.5,49.5,33.4,2021,10,23
2021-10-24,1.9,23.026218487394956,1,0.14285714285714285,41.5,48.9,32,2021,10,24
2021-10-25,1.1,22.876218487394958,1,0.9,42.3,49.5,34.9,2021,10,25
2021-10-26,1.3,23.006218487394957,0.2857142857142857,0.14285714285714285,35.1,38.5,32,2021,10,26
2021-10-27,2.6,23.196218487394958,0.2857142857142857,0.14285714285714285,37.2,41.4,34.9,2021,10,27
2021-10-28,1,23.436218487394957,0.2857142857142857,0.14285714285714285,44.1,49.5,34.7,2021,10,28
2021-10-29,1.8,23.26621848739496,0.2857142857142857,0.1,49.3,53.6,38.3,2021,10,29
2021-10-30,1,23.296218487394956,0.2857142857142857,0.14285714285714285,31.1,38.5,24.8,2021,10,30
2021-10-31,3.8,23.446218487394958,0,0.12857142857142856,23.7,25.2,22.3,2021,10,31
2022-08-01,1.2,23.326218487394957,0,0.014285714285714287,69.8,85.3,52,2022,8,1
2022-08-02,1.1,23.24621848739496,0,0.014285714285714287,64.9,78.4,48.6,2022,8,2
2022-08-03,1.2,23.306218487394958,0,0.014285714285714287,63.7,77.9,46.4,2022,8,3
2022-08-04,2,23.24621848739496,0,0.014285714285714287,69.8,82.6,53.8,2022,8,4
2022-08-05,1.5,23.236218487394957,0,0.014285714285714287,58.1,68.5,49.6,2022,8,5
2022-08-06,4.5,23.35621848739496,0,0.1,48.6,56.1,43.7,2022,8,6
2022-08-07,1.4,23.436218487394957,0,0,55.8,70.9,40.6,2022,8,7
2022-08-08,1.5,23.40621848739496,0,0,63.7,79.3,46.8,2022,8,8
2022-08-09,1.5,23.416218487394957,0,0,65.1,83.7,48.4,2022,8,9
2022-08-10,2.7,23.396218487394957,0,0,69.1,86.5,53.6,2022,8,10
2022-08-11,1.1,23.446218487394958,0,0,65.5,79.5,54.7,2022,8,11
2022-08-12,1.1,23.416218487394957,0,0,68.4,86.7,51.8,2022,8,12
2022-08-13,1.7,23.396218487394957,0,0,63.7,81.9,50.5,2022,8,13
2022-08-14,1.7,23.386218487394956,0,0,62.6,78.3,50.4,2022,8,14
2022-08-15,1.3,23.376218487394958,0,0,61.9,79.5,47.1,2022,8,15
2022-08-16,1.5,23.376218487394958,0,0,64.9,82.9,47.5,2022,8,16
2022-08-17,1.3,23.42621848739496,0,0,64.6,84.2,50.5,2022,8,17
2022-08-18,3.4,23.436218487394957,0,0,63.3,78.8,50.2,2022,8,18
2022-08-19,4.5,23.346218487394957,0,0,61.5,76.8,48.6,2022,8,19
2022-08-20,2.7,23.296218487394956,0,0,63,83.5,45.5,2022,8,20
2022-08-21,1.3,23.35621848739496,0,0.12857142857142856,62.1,80.8,50,2022,8,21
2022-08-22,1.5,23.416218487394957,0,0.12857142857142856,64.9,82,49.5,2022,8,22
2022-08-23,1.4,23.366218487394956,0,0.12857142857142856,61.2,77.4,48.7,2022,8,23
2022-08-24,4.9,23.366218487394956,0,0.2,59,66,52.7,2022,8,24
2022-08-25,1.9,23.396218487394957,0,0.7,57.2,74.5,48,2022,8,25
2022-08-26,1.8,23.316218487394956,0,0.12857142857142856,55,69.6,45.7,2022,8,26
2022-08-27,1.9,23.126218487394958,0,0.12857142857142856,57.9,71.8,46.6,2022,8,27
2022-08-28,0.9,23.15621848739496,0,0,52.3,63.3,41.5,2022,8,28
2022-08-29,1.3,23.35621848739496,0,0,55.6,72.3,40.1,2022,8,29
2022-08-30,1.5,23.456218487394956,0,0,63,82.2,47.5,2022,8,30
2022-08-31,1.5,23.446218487394958,0,0,63.9,82,49.1,2022,8,31
2022-09-01,1.6,23.326218487394957,0,0,64.9,80.1,52.2,2022,9,1
2022-09-02,1.5,23.396218487394957,0,0,62.2,79.5,48.6,2022,9,2
2022-09-03,2.1,23.396218487394957,0,0,69.8,89.1,48.9,2022,9,3
2022-09-04,1.3,23.33621848739496,0,0.04285714285714286,63.3,80.4,50.9,2022,9,4
2022-09-05,1.3,23.326218487394957,0,0.04285714285714286,63,80.2,48,2022,9,5
2022-09-06,1.4,23.42621848739496,0,0.04285714285714286,63.3,82.8,47.5,2022,9,6
2022-09-07,2.1,23.396218487394957,0,0.04285714285714286,70.2,87.4,54.7,2022,9,7
2022-09-08,1.3,23.296218487394956,0,0.1,55.2,65.7,41.5,2022,9,8
2022-09-09,1.7,23.396218487394957,0,0.2,40.1,53.4,32.7,2022,9,9
2022-09-10,1.5,23.446218487394958,0,0.04285714285714286,44.8,65.7,30.9,2022,9,10
2022-09-11,1.4,23.436218487394957,0,0.028571428571428574,57.4,74.7,40.5,2022,9,11
2022-09-12,1.3,23.376218487394958,0,0.028571428571428574,61.5,75.9,51.1,2022,9,12
2022-09-13,2.5,23.196218487394958,0,0.028571428571428574,56.5,70.9,44.8,2022,9,13
2022-09-14,0.7,23.206218487394956,0,0.1,50,60.4,43.2,2022,9,14
2022-09-15,1.5,23.276218487394956,0,0.028571428571428574,52,64.8,40.5,2022,9,15
2022-09-16,1,23.276218487394956,0,0.1,46,51.3,39.9,2022,9,16
2022-09-17,1.4,23.216218487394958,0,0.028571428571428574,49.3,63.7,37,2022,9,17
2022-09-18,1.6,23.166218487394957,0,0.2571428571428572,50.2,65.5,36.7,2022,9,18
2022-09-19,1.4,23.15621848739496,0,0.2571428571428572,54.7,68.5,41.2,2022,9,19
2022-09-20,2.4,23.316218487394956,0,0.2571428571428572,41.9,44.2,38.1,2022,9,20
2022-09-21,4.1,23.436218487394957,0,0.2,41.7,46.4,38.3,2022,9,21
2022-09-22,2.9,23.24621848739496,0,1.6,44.6,54.7,39.6,2022,9,22
2022-09-23,1.4,23.286218487394958,0,0.2571428571428572,50.2,58.5,41.5,2022,9,23
2022-09-24,0.9,23.42621848739496,0,0.2571428571428572,51.4,61.5,40.1,2022,9,24
2022-09-25,1.4,23.546218487394956,0,0.09999999999999999,52.2,67.1,39,2022,9,25
2022-09-26,1.3,23.49621848739496,0,0.09999999999999999,55.2,73.9,43.5,2022,9,26
2022-09-27,1.4,23.416218487394957,0,0.09999999999999999,55.8,74.8,42.3,2022,9,27
2022-09-28,1.6,23.386218487394956,0,0.09999999999999999,58.1,76.8,45.5,2022,9,28
2022-09-29,1.9,23.286218487394958,0,0.09999999999999999,54.7,68.5,37.2,2022,9,29
2022-09-30,0.7,23.346218487394957,0,0.1,42.6,47.5,38.3,2022,9,30
2022-10-01,0.6,23.376218487394958,0,0.6,43.9,48.4,40.8,2022,10,1
2022-10-02,1.1,23.35621848739496,0,0.6,44.4,52.5,41.7,2022,10,2
2022-10-03,0.7,23.436218487394957,0,0.08571428571428572,45.3,55,39.6,2022,10,3
2022-10-04,1.2,23.456218487394956,0,0.08571428571428572,47.8,64.9,39.6,2022,10,4
2022-10-05,1.5,23.49621848739496,0,0.08571428571428572,48.9,66,37.9,2022,10,5
2022-10-06,2.6,23.546218487394956,0,0.08571428571428572,44.6,54.5,36,2022,10,6
2022-10-07,2.3,23.60621848739496,0,0.08571428571428572,43.2,59,36,2022,10,7
2022-10-08,1.2,23.566218487394956,0,0.08571428571428572,44.8,63.1,33.4,2022,10,8
2022-10-09,1.3,23.476218487394956,0,0.014285714285714287,46.9,64,36.1,2022,10,9
2022-10-10,1.2,23.316218487394956,0,0.014285714285714287,53.4,60.6,38.7,2022,10,10
2022-10-11,0.8,23.15621848739496,0,0.1,47.8,53.2,37.6,2022,10,11
2022-10-12,0.9,23.386218487394956,0,0.014285714285714287,49.5,57.4,41.5,2022,10,12
2022-10-13,1,23.506218487394957,0,0.014285714285714287,50.5,57.6,37.9,2022,10,13
2022-10-14,1.2,23.33621848739496,0,0.014285714285714287,52.9,59.4,47.1,2022,10,14
2022-10-15,1,23.40621848739496,0,0.014285714285714287,41.9,52.9,31.3,2022,10,15
2022-10-16,1.4,23.536218487394958,0,0.24285714285714285,41.7,59.5,30.2,2022,10,16
2022-10-17,1.3,23.476218487394956,0,0.24285714285714285,47.1,67.5,36.1,2022,10,17
2022-10-18,1.4,23.486218487394957,0,0.24285714285714285,49.6,67.5,38.5,2022,10,18
2022-10-19,1.4,23.556218487394958,0,0.24285714285714285,49.8,64.6,37.4,2022,10,19
2022-10-20,1.3,23.35621848739496,0,0.24285714285714285,55.8,61.2,51.1,2022,10,20
2022-10-21,1.4,23.036218487394958,0,0.6,47.7,53.8,38.3,2022,10,21
2022-10-22,1.4,22.76621848739496,0,1.1,35.1,40.1,29.7,2022,10,22
2022-10-23,0.4,22.946218487394958,1.2857142857142858,0.2,28.2,31.3,26.1,2022,10,23
2022-10-24,0.7,23.216218487394958,1,0.2,31.1,35.6,25.7,2022,10,24
2022-10-25,1.9,23.186218487394957,1,0.1,32,35.1,27,2022,10,25
2022-10-26,1.4,23.146218487394957,2,0.08571428571428572,32.5,40.8,27.3,2022,10,26
2022-10-27,0.9,23.276218487394956,2,0.08571428571428572,32.9,38.1,27.5,2022,10,27
2022-10-28,1.2,23.396218487394957,2,0.1,37.8,45.9,24.4,2022,10,28
2022-10-29,1.2,23.456218487394956,1,0.08571428571428572,41,46.8,37.4,2022,10,29
2022-10-30,1.4,23.396218487394957,1,0.1142857142857143,41,43.9,35.6,2022,10,30
2022-10-31,1.6,23.186218487394957,1,0.1142857142857143,46.4,50.9,41.4,2022,10,31
2023-08-01,1.4,23.35621848739496,0,0.07142857142857144,65.1,78.6,50.7,2023,8,1
2023-08-02,1.8,23.376218487394958,0,0.07142857142857144,61.2,73,48.2,2023,8,2
2023-08-03,1.7,23.396218487394957,0,0.07142857142857144,56.8,66.2,47.8,2023,8,3
2023-08-04,0.8,23.416218487394957,0,0.4,54.9,64.9,48.4,2023,8,4
2023-08-05,0.8,23.49621848739496,0,0.1,53.6,61,46,2023,8,5
2023-08-06,2.2,23.456218487394956,0,0.1,53.4,65.3,48,2023,8,6
2023-08-07,1.3,23.40621848739496,0,0.1,55,69.3,46.6,2023,8,7
2023-08-08,1.1,23.316218487394956,0,0.08571428571428572,57,68.5,45.3,2023,8,8
2023-08-09,1.3,23.256218487394957,0,0.4,60.6,72.1,49.5,2023,8,9
2023-08-10,1.1,23.196218487394958,0,0.08571428571428572,57.6,67.5,45.3,2023,8,10
2023-08-11,1.1,23.276218487394956,0,0.08571428571428572,56.3,70,41.7,2023,8,11
2023-08-12,1.2,23.33621848739496,0,0.08571428571428572,59.4,71.8,45.5,2023,8,12
2023-08-13,1.6,23.49621848739496,0,0.09999999999999999,54.1,67.6,43.3,2023,8,13
2023-08-14,1.5,23.526218487394956,0,0.09999999999999999,58.6,77.9,41.4,2023,8,14
2023-08-15,1.4,23.436218487394957,0,0.09999999999999999,69.6,82.6,54.3,2023,8,15
2023-08-16,0.9,23.366218487394956,0,0.09999999999999999,66.7,77.4,52,2023,8,16
2023-08-17,1.7,23.306218487394958,0,0.09999999999999999,69.6,84.7,49.8,2023,8,17
2023-08-18,2.6,23.136218487394956,0,0.09999999999999999,67.6,77,55.4,2023,8,18
2023-08-19,2.2,23.296218487394956,0,0.7,54.9,66,48,2023,8,19
2023-08-20,3,23.40621848739496,0,0.6,52.2,55.2,48,2023,8,20
2023-08-21,1.3,23.326218487394957,0,0.14285714285714285,59.5,70.5,52,2023,8,21
2023-08-22,2.4,23.326218487394957,0,0.1,63.1,72.9,54.9,2023,8,22
2023-08-23,1.1,23.35621848739496,0,0.2,59.5,69.1,49.1,2023,8,23
2023-08-24,1.4,23.386218487394956,0,0.14285714285714285,58.6,71.6,46.2,2023,8,24
2023-08-25,4,23.466218487394958,0,0.1,56.1,68,46.9,2023,8,25
2023-08-26,1.5,23.486218487394957,0,0.14285714285714285,58.5,73.6,46,2023,8,26
2023-08-27,1.4,23.456218487394956,0,0,58.3,73.6,48,2023,8,27
2023-08-28,1.4,23.486218487394957,0,0,58.6,76.1,46.4,2023,8,28
2023-08-29,2.3,23.40621848739496,0,0,62.4,81,48.2,2023,8,29
2023-08-30,1.6,23.226218487394956,0,0,54.5,62.4,47.5,2023,8,30
2023-08-31,0.5,23.216218487394958,0,0,54.5,67.1,46,2023,8,31
2023-09-01,2.5,23.186218487394957,0,0,60.6,73,46.8,2023,9,1
2023-09-02,1.4,23.296218487394956,0,0,65.5,74.7,55.9,2023,9,2
2023-09-03,1.4,23.256218487394957,0,0.3,60.8,71.6,51.3,2023,9,3
2023-09-04,0.7,23.15621848739496,0,0.7,49.6,52,47.3,2023,9,4
2023-09-05,1.2,23.326218487394957,0,0.18571428571428572,50.9,62.2,41,2023,9,5
2023-09-06,1.4,23.296218487394956,0,0.2,55.8,67.6,43.2,2023,9,6
2023-09-07,1.2,23.306218487394958,0,0.18571428571428572,54.7,68,45.1,2023,9,7
2023-09-08,1.9,23.376218487394958,0,0.1,53.1,69.1,43.5,2023,9,8
2023-09-09,1.3,23.49621848739496,0,0.18571428571428572,50.7,63.3,41.2,2023,9,9
2023-09-10,2.6,23.506218487394957,0,0.014285714285714287,52.2,64.8,42.1,2023,9,10
2023-09-11,2.1,23.436218487394957,0,0.014285714285714287,53.1,71.2,39,2023,9,11
2023-09-12,1.6,23.316218487394956,0,0.014285714285714287,44.614285714285714,57.714285714285715,35.17142857142857,2023,9,12
2023-09-13,1.4,23.296218487394956,0,0.1,51.6,64.9,44.4,2023,9,13
2023-09-14,0.8,23.416218487394957,0,0.014285714285714287,49.3,65.3,39.7,2023,9,14
2023-09-15,1.3,23.466218487394958,0,0.014285714285714287,50.2,66.9,38.7,2023,9,15
2023-09-16,1.5,23.416218487394957,0,0.014285714285714287,55.9,70.9,42.3,2023,9,16
2023-09-17,1.4,23.346218487394957,0,0.3142857142857143,58.1,72,43.3,2023,9,17
2023-09-18,1.3,23.226218487394956,0,0.3142857142857143,56.7,67.8,44.8,2023,9,18
2023-09-19,1.4,23.196218487394958,0,0.3142857142857143,51.4,65.3,37.8,2023,9,19
2023-09-20,1.3,23.186218487394957,0,0.3142857142857143,46.4,58.3,33.3,2023,9,20
2023-09-21,4.3,23.236218487394957,0,0.9,41.7,43,39.4,2023,9,21
2023-09-22,0.5,23.276218487394956,0,1.1,42.4,46.9,40.1,2023,9,22
2023-09-23,0.5,23.306218487394958,0,0.2,45,54.9,37.2,2023,9,23
2023-09-24,1.5,23.326218487394957,0,0,49.6,64,36,2023,9,24
2023-09-25,1.4,23.366218487394956,0,0,53.8,72.1,40.6,2023,9,25
2023-09-26,2.8,23.296218487394956,0,0,58.3,73.4,42.8,2023,9,26
2023-09-27,1.8,23.24621848739496,0,0,48.2,62.6,38.5,2023,9,27
2023-09-28,1,23.276218487394956,0,0,42.1,54.7,32.5,2023,9,28
2023-09-29,1.1,23.196218487394958,0,0,45,61.3,32,2023,9,29
2023-09-30,2.6,23.116218487394956,0,0,46.8,57.7,37.8,2023,9,30
2023-10-01,0.9,23.216218487394958,0,0.07142857142857142,40.3,43.7,34.2,2023,10,1
2023-10-02,0.7,23.256218487394957,0,0.1,41.9,53.4,33.1,2023,10,2
2023-10-03,1.4,23.216218487394958,0,0.3,41.2,48.7,38.3,2023,10,3
2023-10-04,1.1,23.33621848739496,0,0.1,43.3,47.5,39.6,2023,10,4
2023-10-05,0.8,23.506218487394957,0,0.07142857142857142,43.3,47.1,35.1,2023,10,5
2023-10-06,1,23.626218487394958,0,0.07142857142857142,42.4,56.8,35.8,2023,10,6
2023-10-07,1.4,23.506218487394957,0,0.07142857142857142,46.8,64.8,36.5,2023,10,7
2023-10-08,1.4,23.386218487394956,0,0.11428571428571428,50.2,67.1,38.5,2023,10,8
2023-10-09,1.6,23.236218487394957,0,0.11428571428571428,54.7,67.6,41.7,2023,10,9
2023-10-10,1.8,23.006218487394957,0,0.1,51.1,64.4,43,2023,10,10
2023-10-11,1.4,22.896218487394957,0,0.2,41.7,45.3,39,2023,10,11
2023-10-12,1.3,23.146218487394957,0,0.5,38.8,41.5,36,2023,10,12
2023-10-13,3.3,23.386218487394956,0,0.11428571428571428,35.8,37.8,34.3,2023,10,13
2023-10-14,2.5,23.396218487394957,0,0.11428571428571428,39.4,48.7,32.7,2023,10,14
2023-10-15,1.6,23.506218487394957,0,0,47.5,58.6,37.2,2023,10,15
2023-10-16,1.4,23.446218487394958,0,0,54.7,64.9,42.8,2023,10,16
2023-10-17,1.9,23.24621848739496,0,0,50.4,56.3,43,2023,10,17
2023-10-18,1.2,23.42621848739496,0,0,52.3,58.8,42.8,2023,10,18
2023-10-19,1.1,23.40621848739496,0,0,58.6,65.7,47.3,2023,10,19
2023-10-20,1.1,23.326218487394957,0,0,54.7,65.3,42.8,2023,10,20
2023-10-21,1.9,23.26621848739496,0,0,45.7,60.6,35.8,2023,10,21
2023-10-22,1.3,23.146218487394957,1.7142857142857142,0.3,48,61.5,38.3,2023,10,22
2023-10-23,1.3,23.096218487394957,1.7142857142857142,0.17142857142857143,39,42.3,33.1,2023,10,23
2023-10-24,1.5,23.126218487394958,1.7142857142857142,0.17142857142857143,34.5,44.1,23.9,2023,10,24
2023-10-25,3.1,23.136218487394956,1.7142857142857142,0.4,17.2,24.1,11.3,2023,10,25
2023-10-26,3,23.256218487394957,1,0.3,13.1,19,7.7,2023,10,26
2023-10-27,0.3,23.386218487394956,2,0.17142857142857143,12.7,19.6,0.9,2023,10,27
2023-10-28,0.4,23.506218487394957,9,0.2,8.6,23.2,-4,2023,10,28
2023-10-29,0.3,23.626218487394958,2,0.2,21,26.1,10.6,2023,10,29
2023-10-30,0.8,23.576218487394957,5,0.1,29.7,35.2,25.2,2023,10,30
2023-10-31,0.6,23.526218487394956,3,0.18571428571428572,39.4,45.9,33.6,2023,10,31
